eventId,questionId,questionText,answer,author,sourceSummaryId,forUse
D407,0,"Poaching of elephants in central and southern Africa has been a serious problem.",Y,AJQGWGESKQT4Y,D407.M.250.B.D,1
D407,1,"Poaching of black rhinos in central and southern Africa has been a serious problem.",Y,AJQGWGESKQT4Y,D407.M.250.B.D,0
D407,2,"Over 700,000 elephants were lost to poachers collecting tusks.",Y,AJQGWGESKQT4Y,D407.M.250.B.D,0
D407,3,"Three quarters of Zimbabwe's rhino herds were wiped out.",Y,AJQGWGESKQT4Y,D407.M.250.B.D,0
D407,4,"In Asia powdered rhino horn is thought to increase sexual potency.",Y,AJQGWGESKQT4Y,D407.M.250.B.D,0
D407,5,"Pouching is difficult to control",Y,AJQGWGESKQT4Y,D407.M.250.B.D,0
D407,6,"Poaching is one factor for the decreasing number of pandas.",Y,AJQGWGESKQT4Y,D407.M.250.B.D,0
D407,7,"Elephants and rhinos are poached in southern Africa.",Y,AXR8QNGNBF1DU,D407.M.250.B.D,0
D407,8,"Elephant tusks are collected for the ivory.",Y,AXR8QNGNBF1DU,D407.M.250.B.D,0
D407,9,"Pandas are being poached in China.",Y,AXR8QNGNBF1DU,D407.M.250.B.D,1
D407,10,"Natives collect gorilla skulls.",Y,AXR8QNGNBF1DU,D407.M.250.B.D,0
D407,11,"An international trade ban was introduced in 1989.",Y,AXR8QNGNBF1DU,D407.M.250.B.D,0
D407,12,"Kenya offers tourist hunting to help battle poaching.",Y,AXR8QNGNBF1DU,D407.M.250.B.D,0
D407,13,"Large cats are being poached.",Y,AXR8QNGNBF1DU,D407.M.250.B.D,1
D407,14,"Project Tiger has successfully protected the tiger population.",Y,AXR8QNGNBF1DU,D407.M.250.B.D,1
D407,15,"The illegal killing of wildlife is called poaching.",Y,A5VBIZ2KIQ1R8,D407.M.250.B.A,0
D407,16,"Poached animals are used for many reasons.",Y,A5VBIZ2KIQ1R8,D407.M.250.B.A,0
D407,17,"Live poached animals are sold to zoos.",Y,A5VBIZ2KIQ1R8,D407.M.250.B.A,0
D407,18,"African elephants are poached because they damage crops.",Y,A5VBIZ2KIQ1R8,D407.M.250.B.A,0
D407,19,"Tigers are poached for their pelts.",Y,A5VBIZ2KIQ1R8,D407.M.250.B.A,0
D407,20,"Body parts of poached animals are used in Chinese Medicine.",Y,A5VBIZ2KIQ1R8,D407.M.250.B.A,0
D407,21,"Wildlife preserves have been established to protect animals.",Y,A5VBIZ2KIQ1R8,D407.M.250.B.A,0
D407,22,"Efforts are being made to devalue poached animal parts.",Y,A5VBIZ2KIQ1R8,D407.M.250.B.A,1
D407,23,"Poaching is the illegal killing or procuring of endangered animals.",Y,AGA1PIIWM8I8D,D407.M.250.B.A,0
D407,24,"Poached animals are often used for trophies.",Y,AGA1PIIWM8I8D,D407.M.250.B.A,0
D407,25,"African elephants are poached for their tusks.",Y,AGA1PIIWM8I8D,D407.M.250.B.A,0
D407,26,"Rhino horns have been sold as aphrodisiacs.",Y,AGA1PIIWM8I8D,D407.M.250.B.A,1
D407,27,"International bans have been enacted against poaching elephants.",Y,AGA1PIIWM8I8D,D407.M.250.B.A,0
D407,28,"Preserves have been created to protect endangered species.",Y,AGA1PIIWM8I8D,D407.M.250.B.A,0
D407,29,"Some areas have a shoot-to-kill policy against poachers.",Y,AGA1PIIWM8I8D,D407.M.250.B.A,1
D407,30,"Rhinos can have their horns removed to prevent poaching.",Y,AGA1PIIWM8I8D,D407.M.250.B.A,1
D407,31,"Giant pandas are endangered in China.",Y,AGA1PIIWM8I8D,D407.M.250.B.I,0
D407,32,"Bison are endangered in Poland.",Y,AGA1PIIWM8I8D,D407.M.250.B.I,0
D407,33,"Poachers in America kill black bears for their gall bladders.",Y,AGA1PIIWM8I8D,D407.M.250.B.I,0
D407,34,"Blue and humpback whales are endangered aquatic species.",Y,AGA1PIIWM8I8D,D407.M.250.B.I,1
D407,35,"India has a program called Project Tiger which allows the killing of poachers.",Y,AGA1PIIWM8I8D,D407.M.250.B.I,0
D407,36,"Bans on big game hunting have been imposed in Kenya.",Y,AGA1PIIWM8I8D,D407.M.250.B.I,0
D407,37,"Buffalo are an endangered species in Africa.",Y,A5VBIZ2KIQ1R8,D407.M.250.B.I,0
D407,38,"Tigers are an endangered species in India.",Y,A5VBIZ2KIQ1R8,D407.M.250.B.I,0
D407,39,"In the United States black bears are threatened by poachers.",Y,A5VBIZ2KIQ1R8,D407.M.250.B.I,1
D407,40,"Animals are poached for their body parts.",Y,A5VBIZ2KIQ1R8,D407.M.250.B.I,0
D407,41,"Black bears are poached for their gall bladders.",Y,A5VBIZ2KIQ1R8,D407.M.250.B.I,1
D407,42,"Books and movies have been created to promote anti-poaching attitudes.",Y,A5VBIZ2KIQ1R8,D407.M.250.B.I,1
D407,43,"Dian Fossey was active in fighting poaching.",Y,A5VBIZ2KIQ1R8,D407.M.250.B.I,0
D407,44,"Dian Fossey tried to protect mountain gorillas.",Y,A5VBIZ2KIQ1R8,D407.M.250.B.B,1
D407,45,"Dian Fossey urged the killing of poachers.",Y,A5VBIZ2KIQ1R8,D407.M.250.B.B,1
D407,46,"Gorilla numbers continue to decline",Y,A5VBIZ2KIQ1R8,D407.M.250.B.B,0
D407,47,"Most of the world's pandas are in six reserves.",Y,A5VBIZ2KIQ1R8,D407.M.250.B.B,0
D407,48,"Zambabwe removed horns from rhinos and released them.",Y,A5VBIZ2KIQ1R8,D407.M.250.B.B,0
D407,49,"The bison has been reestablished in Poland.",Y,A5VBIZ2KIQ1R8,D407.M.250.B.B,0
D407,50,"Polish bison were kept in nature reserves.",Y,A5VBIZ2KIQ1R8,D407.M.250.B.B,0
D407,51,"The African elephant is endangered in east and central Africa.",Y,AJQGWGESKQT4Y,D407.M.250.B.B,0
D407,52,"The black rhinoceros is endangered in east and central Africa.",Y,AJQGWGESKQT4Y,D407.M.250.B.B,1
D407,53,"Kenya supported an international ban on the ivory trade.",Y,AJQGWGESKQT4Y,D407.M.250.B.B,0
D407,54,"Zimbabwe introduced a program to protect animals regarded as pests.",Y,AJQGWGESKQT4Y,D407.M.250.B.B,0
D407,55,"Zambia auctions off hunting rights.",Y,AJQGWGESKQT4Y,D407.M.250.B.B,0
D407,56,"Zambia pays local citizens to protect the rhino.",Y,AJQGWGESKQT4Y,D407.M.250.B.B,1
D407,57,"The tiger is still endangered in India.",Y,AJQGWGESKQT4Y,D407.M.250.B.B,0
D632,58,"Malaysia was the world's leading tin producer.",Y,AJQGWGESKQT4Y,D632.M.250.I.F,1
D632,59,"In the 19th century, hundreds of thousands of immigrants came to Malaysia.",Y,AJQGWGESKQT4Y,D632.M.250.I.F,0
D632,60,"Malaysia produced more than 60,000 tons of tin a year in the 1980's.",Y,AJQGWGESKQT4Y,D632.M.250.I.F,1
D632,61,"Malaysia was no longer the largest producer of tin after 1994.",Y,AJQGWGESKQT4Y,D632.M.250.I.F,0
D632,62,"Tin producers suffered a crisis in 1985.",Y,AJQGWGESKQT4Y,D632.M.250.I.F,1
D632,63,"Brazil and China were not members of the ATPC.",Y,AJQGWGESKQT4Y,D632.M.250.I.F,1
D632,64,"The collapse of the Soviet Union affected Malaysia's tin production.",Y,AJQGWGESKQT4Y,D632.M.250.I.F,0
D632,65,"Malaysia used to be the world's largest producer of tin.",Y,A2KYOM2ZGYDJGT,D632.M.250.I.F,0
D632,66,"In the years leading up to 1994, Malaysia's tin business shrunk due to low prices and low demand.",Y,A2KYOM2ZGYDJGT,D632.M.250.I.F,0
D632,67,"China produces more tin than Malaysia now.",Y,A2KYOM2ZGYDJGT,D632.M.250.I.F,0
D632,68,"Brazil produces more tin than Malaysia now.",Y,A2KYOM2ZGYDJGT,D632.M.250.I.F,0
D632,69,"The ATCP produced 60% of the world's tin in the 1990's.",Y,A2KYOM2ZGYDJGT,D632.M.250.I.F,0
D632,70,"There was a crisis in 1985 for tin producers when the price dropped sharply.",Y,A2KYOM2ZGYDJGT,D632.M.250.I.F,0
D632,71,"Vietnam and Laos became tin producers in the late 20th century.",Y,A2KYOM2ZGYDJGT,D632.M.250.I.F,0
D632,72,"Tin deposits were discovered in Malaysia in 1857.",Y,A5VBIZ2KIQ1R8,D632.M.250.I.G,0
D632,73,"The tin mining industry employed thousands of Chinese Immigrants",Y,A5VBIZ2KIQ1R8,D632.M.250.I.G,1
D632,74,"The Malaysian tin industry began it's decline in the 1980s.",Y,A5VBIZ2KIQ1R8,D632.M.250.I.G,0
D632,75,"The Malaysian government decided tin mining was not important.",Y,A5VBIZ2KIQ1R8,D632.M.250.I.G,1
D632,76,"The Malaysian government decided to discontinue tin mining subsidies.",Y,A5VBIZ2KIQ1R8,D632.M.250.I.G,0
D632,77,"Many factors led to the decline of the tin market.",Y,A5VBIZ2KIQ1R8,D632.M.250.I.G,1
D632,78,"Malaysia is the leading producer of tin in the world.",Y,AGA1PIIWM8I8D,D632.M.250.I.G,0
D632,79,"The British were the first to develop the tin industry.",Y,AGA1PIIWM8I8D,D632.M.250.I.G,0
D632,80,"The world's most developed underground tin mine streches for 4000 acres.",Y,AGA1PIIWM8I8D,D632.M.250.I.G,0
D632,81,"In the early 1970s, forestry and mining produced 80 percent of the value of Malaysian exports.",Y,AGA1PIIWM8I8D,D632.M.250.I.G,0
D632,82,"Vietnam and Laos export tin.",Y,AGA1PIIWM8I8D,D632.M.250.I.G,1
D632,83,"In the early 1990s, the Malaysia tin industry began to falter.",Y,AGA1PIIWM8I8D,D632.M.250.I.G,0
D632,84,"In the early 1980s, Malaysia was producing 60,000 tons of tin in concentrate per year.",Y,AGA1PIIWM8I8D,D632.M.250.I.G,0
D632,85,"Malaysian tin production in 1960 was between 60,000 and 70,000 tons.",Y,A1C7UV2UT2S9T7,D632.M.250.I.J,0
D632,86,"Malaysia, Indonesia and Thailand were members of the Association of Tin Producing Countries (ATPC).",Y,A1C7UV2UT2S9T7,D632.M.250.I.J,0
D632,87,"The ATPC kept prices supported until 1985 when turmoil struck the industry.",Y,A1C7UV2UT2S9T7,D632.M.250.I.J,0
D632,88,"In 1985 100,000 tons of stockpiled tin were released onto the market.",Y,A1C7UV2UT2S9T7,D632.M.250.I.J,0
D632,89,"In 1993 China and Brazil were major tin producers.",Y,A1C7UV2UT2S9T7,D632.M.250.I.J,1
D632,90,"By the year 1994, Malaysia was no longer a major producer.",Y,A1C7UV2UT2S9T7,D632.M.250.I.J,0
D632,91,"In 1857 rich tin deposits were found on the Malay Peninsula.",Y,A1FGKIKJYSL1MI,D632.M.250.I.J,0
D632,92,"50,000 tons of tin were produced in Malay in 1900.",Y,A1FGKIKJYSL1MI,D632.M.250.I.J,0
D632,93,"During World War II, the Japanese closed and flooded some tin mines.",Y,A1FGKIKJYSL1MI,D632.M.250.I.J,1
D632,94,"In 1960, Malaysia produced between 60,000 and 70,000 tons of tin.",Y,A1FGKIKJYSL1MI,D632.M.250.I.J,0
D632,95,"By the mid-1980s, glass, aluminum, and plastic began replacing tin as containers.",Y,A1FGKIKJYSL1MI,D632.M.250.I.J,1
D632,96,"By 1993 China and Brazil were major tin producers.",Y,A1FGKIKJYSL1MI,D632.M.250.I.J,0
D632,97,"In the 1990s, the price of tin decreased.",Y,A1FGKIKJYSL1MI,D632.M.250.I.J,1
D632,98,"By 1994, Malaysia was no longer a major tin producer.",Y,A1FGKIKJYSL1MI,D632.M.250.I.J,0
D632,99,"Malaysia had been the world's largest tin producer.",Y,AJQGWGESKQT4Y,D632.M.250.I.H,1
D632,100,"Tin export quotas failed.",Y,AJQGWGESKQT4Y,D632.M.250.I.H,1
D632,101,"High cost mines closed world-wide.",Y,AJQGWGESKQT4Y,D632.M.250.I.H,1
D632,102,"Tin stocks approached supply/demand equilibrium.",Y,AJQGWGESKQT4Y,D632.M.250.I.H,0
D632,103,"By 1994 most Malaysian tin mines had closed.",Y,AJQGWGESKQT4Y,D632.M.250.I.H,0
D632,104,"The U.S. continued selling its 'substantial' tin stockpiles.",Y,AJQGWGESKQT4Y,D632.M.250.I.H,1
D632,105,"The boon times for Malaysia's tin production were 1913 to 1960.",Y,AAASQIW3J32OL,D632.M.250.I.H,0
D632,106,"In 1985 the International Tin Council stopped price supports.",Y,AAASQIW3J32OL,D632.M.250.I.H,0
D632,107,"In 1985 the International Tin Council dumped 100,000 tons of tin on the market.",Y,AAASQIW3J32OL,D632.M.250.I.H,0
D632,108,"The actions taken by the International Tin Council in 1985 crushed tin prices on the market.",Y,AAASQIW3J32OL,D632.M.250.I.H,0
D632,109,"There was an ephemeral ephemeral tin price recovery in 1992.",Y,AAASQIW3J32OL,D632.M.250.I.H,0
D654,110,"Ratings of schools consistently show that single-sex schools rate higher academically.",Y,AJQGWGESKQT4Y,D654.M.250.F.E,0
D654,111,"These findings have been traditionally seen in England as an advantage of single-sex schooling.",Y,AJQGWGESKQT4Y,D654.M.250.F.E,1
D654,112,"Students don't have to conform to gender stereotypes.",Y,AJQGWGESKQT4Y,D654.M.250.F.E,0
D654,113,"Many supporters of co-ed schools do so because it is more like the real world environment.",Y,AJQGWGESKQT4Y,D654.M.250.F.E,0
D654,114,"Some single-sex schools have gone co-ed.",Y,AJQGWGESKQT4Y,D654.M.250.F.E,1
D654,115,"Some junior high schools have decided to segregate boys and girls.",Y,AJQGWGESKQT4Y,D654.M.250.F.E,0
D654,116,"Some boys' and girls' schools have merged to the extent that they share the same campus.",Y,AJQGWGESKQT4Y,D654.M.250.F.E,1
D654,117,"Boys and girls do not mature at the same rate.",Y,AJQGWGESKQT4Y,D654.M.250.F.E,1
D654,118,"Great Britain has a long tradition of single-sex schooling.",Y,A1P458P1C6JOXP,D654.M.250.F.D,0
D654,119,"Of the top 30 schools in Great Britain, only one of those schools is co-ed.",Y,A1P458P1C6JOXP,D654.M.250.F.D,0
D654,120,"One of the advantages of co-ed education  are that larger schools are more economical to run.",Y,A1P458P1C6JOXP,D654.M.250.F.D,1
D654,121,"Co-ed schooling also allows students to get used to working with the other gender.",Y,A1P458P1C6JOXP,D654.M.250.F.D,0
D654,122,"Single sex education seems to have more benefits for girls.",Y,A1P458P1C6JOXP,D654.M.250.F.D,1
D654,123,"Girls are sometimes intimidated by boys and therefore don't take on leadership roles.",Y,A1P458P1C6JOXP,D654.M.250.F.D,0
D654,124,"Girls are more intellectually mature than boys up to the age of 17.",Y,A1P458P1C6JOXP,D654.M.250.F.D,1
D654,125,"British schools tend to keep genders separated until the final grade level.",Y,A1P458P1C6JOXP,D654.M.250.F.D,0
D654,126,"Discussion regarding advantages and disadvantages of single-sex education comes from Great Britain.",Y,AJQGWGESKQT4Y,D654.M.250.F.D,0
D654,127,"Britain does a rating and ranking of both public and private schools annually.",Y,AJQGWGESKQT4Y,D654.M.250.F.D,0
D654,128,"Many schools in Great Britain have been experimenting with different combinations of coed and single-sex education.",Y,AJQGWGESKQT4Y,D654.M.250.F.D,0
D654,129,"Educators in Britain are still debating the pros and cons of single gender education.",Y,AJQGWGESKQT4Y,D654.M.250.F.D,0
D654,130,"Educators in the US are still debating the pros and cons of single gender education.",Y,AJQGWGESKQT4Y,D654.M.250.F.D,0
D654,131,"The advantages of coed education are that the larger schools are more economical to run.",Y,AJQGWGESKQT4Y,D654.M.250.F.D,1
D654,132,"Some British schools keep the genders separated until the final grade level.",Y,AJQGWGESKQT4Y,D654.M.250.F.D,0
D654,133,"Only one of the top 30 school in Great Britain in 1992 was co-educational.",Y,A1THXHPVWVEWNZ,D654.M.250.F.F,0
D654,134,"Girls' schools dominated in examination performance for 16 year olds in 1994.",Y,A1THXHPVWVEWNZ,D654.M.250.F.F,0
D654,135,"From 1960 to 1990, the number of women's colleges dropped from 298 to 94.",Y,A1THXHPVWVEWNZ,D654.M.250.F.F,0
D654,136,"Margaret Kenyon thinks that girls thrive in girls-only schools.",Y,A1THXHPVWVEWNZ,D654.M.250.F.F,1
D654,137,"Joan Clancy was the headmistress of a British girls' school.",Y,A1THXHPVWVEWNZ,D654.M.250.F.F,0
D654,138,"One big argument for single-sex education is that you don't have to conform to gender stereotypes.",Y,A1THXHPVWVEWNZ,D654.M.250.F.F,0
D654,139,"The major survey of independent schools in Great Britain gave a boost to single-sex education.",Y,AJQGWGESKQT4Y,D654.M.250.F.F,0
D654,140,"Of the top 30 state schools, 25 were single-sex.",Y,AJQGWGESKQT4Y,D654.M.250.F.F,1
D654,141,"Margaret Kenyon was headmistress of a girls' school.",Y,AJQGWGESKQT4Y,D654.M.250.F.F,0
D654,142,"Girls' schools dominated 1994's performance in examinations for 16-year-olds at independent schools.",Y,AJQGWGESKQT4Y,D654.M.250.F.F,0
D654,143,"United States Public elementary and secondary schools are overwhelmingly co-educational.",Y,AJQGWGESKQT4Y,D654.M.250.F.F,1
D654,144,"Research shows that single-sex education is beneficial for girls.",Y,AJQGWGESKQT4Y,D654.M.250.F.F,1
D654,145,"Single sex schools are shown to be advantageous to girls.",Y,A5VBIZ2KIQ1R8,D654.M.250.F.A,0
D654,146,"Single sex schools are not advantageous nor dis-advantageous.",Y,A5VBIZ2KIQ1R8,D654.M.250.F.A,0
D654,147,"Men dominate discussions in college co-ed classes.",Y,A5VBIZ2KIQ1R8,D654.M.250.F.A,0
D654,148,"There is debate about why single-sex schools score better on tests.",Y,A5VBIZ2KIQ1R8,D654.M.250.F.A,1
D654,149,"Girls are more intellectually and emotionally advanced than boys by 16.",Y,A5VBIZ2KIQ1R8,D654.M.250.F.A,0
D654,150,"Boys generally mature later in life than girls.",Y,A5VBIZ2KIQ1R8,D654.M.250.F.A,0
D654,151,"Boys catch up to girls emotionally and intellectually by college.",Y,A5VBIZ2KIQ1R8,D654.M.250.F.A,0
D654,152,"Single-sex schools seem to be advantageous to girls.",Y,AJQGWGESKQT4Y,D654.M.250.F.A,0
D654,153,"Advocates of single-sex schools cite better test score.",Y,AJQGWGESKQT4Y,D654.M.250.F.A,1
D654,154,"Surveys in English schools indicated that the best schools, academically, were single-sex schools.",Y,AJQGWGESKQT4Y,D654.M.250.F.A,0
D654,155,"In 1992, 25 of the top 30 state schools were single-sex schools.",Y,AJQGWGESKQT4Y,D654.M.250.F.A,1
D654,156,"Girls do not have to conform to gender stereotypes that they should not study science or mathematics.",Y,AJQGWGESKQT4Y,D654.M.250.F.A,0
D654,157,"Opponents of single-sex education viewed it as a barrier to successful socialization of adolescents.",Y,AJQGWGESKQT4Y,D654.M.250.F.A,0
D654,158,"There is much debate about the significance of single-sex schools getting better examination grades.",Y,AJQGWGESKQT4Y,D654.M.250.F.A,0
D654,159,"Research suggests that at the age of 16 girls are more mature and intellectually more advanced than boys.",Y,AJQGWGESKQT4Y,D654.M.250.F.A,1
D393,160,"People who died as the result of mercy killings  suffered a broad spectrum of conditions prior to their deaths.",Y,AJQGWGESKQT4Y,D393.M.250.F.A,0
D393,161,"Some were suffering from a severely deteriorated quality of life.",Y,AJQGWGESKQT4Y,D393.M.250.F.A,0
D393,162,"Others were terminally ill.",Y,AJQGWGESKQT4Y,D393.M.250.F.A,0
D393,163,"Victims often sought the right to die.",Y,AJQGWGESKQT4Y,D393.M.250.F.A,0
D393,164,"Those terminally ill often suffered from cancer or AIDS.",Y,AJQGWGESKQT4Y,D393.M.250.F.A,1
D393,165,"There are cases of comatose states being induced by drinking excessive amounts of alcohol.",Y,AJQGWGESKQT4Y,D393.M.250.F.A,0
D393,166,"Dr. Kevorkian supplied patients with a device containing lethal drugs for use in committing suicide",Y,AJQGWGESKQT4Y,D393.M.250.F.A,0
D393,167,"There are cases of self-anointed 'angels of death' giving lethal injections to hospital patients.",Y,AJQGWGESKQT4Y,D393.M.250.F.A,0
D393,168,"Those who died from mercy killings suffered a wide range of conditions.",Y,A5VBIZ2KIQ1R8,D393.M.250.F.A,0
D393,169,"Those seeking mercy killings suffered from deteriorated quality of life.",Y,A5VBIZ2KIQ1R8,D393.M.250.F.A,1
D393,170,"The victims included the paralyzed.",Y,A5VBIZ2KIQ1R8,D393.M.250.F.A,0
D393,171,"Dr. Kevorkian supplied patients with the drugs for mercy killings.",Y,A5VBIZ2KIQ1R8,D393.M.250.F.A,1
D393,172,"Dr. Kevorkian assisted with mercy killings.",Y,A5VBIZ2KIQ1R8,D393.M.250.F.A,0
D393,173,"The victims of mercy killings were sometimes in comatose states.",Y,A5VBIZ2KIQ1R8,D393.M.250.F.A,0
D393,174,"Physicians and nurses administered lethal injections.",Y,A5VBIZ2KIQ1R8,D393.M.250.F.A,1
D393,175,"There are two major end-of-life issues that generate legal, moral, and religious controversies.",Y,AJQGWGESKQT4Y,D393.M.250.F.D,0
D393,176,"Those accused of mercy killing are tried for murder or manslaughter.",Y,AJQGWGESKQT4Y,D393.M.250.F.D,0
D393,177,"Philip Saylor shot his friend, Steven Jenkins.",Y,AJQGWGESKQT4Y,D393.M.250.F.D,0
D393,178,"Caroline Youngquist is a volunteer for the Hemlock Society.",Y,AJQGWGESKQT4Y,D393.M.250.F.D,0
D393,179,"Caroline Youngquist often assists people with information on how to take their own lives.",Y,AJQGWGESKQT4Y,D393.M.250.F.D,0
D393,180,"The Supreme Court ruled in 1990 that states may bar the removal of life-sustaining treatment from comatose patients.",Y,AJQGWGESKQT4Y,D393.M.250.F.D,1
D393,181,"Only a third of adults say that could take part in a mercy killing.",Y,AJQGWGESKQT4Y,D393.M.250.F.D,0
D393,182,"Rudolfo Linares removed the respirator from his comatose infant son.",Y,AJQGWGESKQT4Y,D393.M.250.F.D,0
D393,183,"Mercy killing and removal of life support are two controversial end-of-life-issues.",Y,AGA1PIIWM8I8D,D393.M.250.F.D,1
D393,184,"People accused of a mercy killing can still be tried for murder and manslaughter.",Y,AGA1PIIWM8I8D,D393.M.250.F.D,0
D393,185,"The Hemlock Society is a group that provides suicide information to people who wish to take their own lives.",Y,AGA1PIIWM8I8D,D393.M.250.F.D,0
D393,186,"Dr. Kevorkian is an advocate for doctor-assisted suicide.",Y,AGA1PIIWM8I8D,D393.M.250.F.D,1
D393,187,"A man named Delbert Ward was accused of smothering his brother.",Y,AGA1PIIWM8I8D,D393.M.250.F.D,1
D393,188,"Polls say only a third of American adults think that could take part in a mercy killing.",Y,AGA1PIIWM8I8D,D393.M.250.F.D,0
D393,189,"Gema Marie Hubler and Tanya Marie Rivera are gunshot victims.",Y,A5NE8TWS8ZV7B,D393.M.250.F.I,1
D393,190,"Shantana Speake and Thomas Griffin are abused children.",Y,A5NE8TWS8ZV7B,D393.M.250.F.I,0
D393,191,"Life-support equipment include feeding tubes or respirators.",Y,A5NE8TWS8ZV7B,D393.M.250.F.I,1
D393,192,"David Heffer is a bomb victim.",Y,A5NE8TWS8ZV7B,D393.M.250.F.I,0
D393,193,"Tony Bland, Karen Eickholdt, Joel Christopher Banks, and Mark Weaver are injury victims.",Y,A5NE8TWS8ZV7B,D393.M.250.F.I,0
D393,194,"Estelle Browning is a stroke victim.",Y,A5NE8TWS8ZV7B,D393.M.250.F.I,0
D393,195,"Nancy Gamble and Kenneth A. Bergstedt are paralyzed patients.",Y,A5NE8TWS8ZV7B,D393.M.250.F.I,0
D393,196,"Passive mercy killings occur when people who are brain-dead are removed from life-support.",Y,AJQGWGESKQT4Y,D393.M.250.F.I,0
D393,197,"Paralyzed patient Nancy Gamble requested that life support be removed.",Y,AJQGWGESKQT4Y,D393.M.250.F.I,0
D393,198,"Paralyzed patient Kenneth A. Bergstedt requested that life support be removed.",Y,AJQGWGESKQT4Y,D393.M.250.F.I,0
D393,199,"Active mercy killings include Philip Lee Saylor who shot his AIDS-suffering friend Steven Charles Jenkins.",Y,AJQGWGESKQT4Y,D393.M.250.F.I,1
D393,200,"Roswell Gilbert shot his Alzheimer-suffering wife Emily.",Y,AJQGWGESKQT4Y,D393.M.250.F.I,0
D393,201,"Rudolfo Linares removed his son Samuel from life support.",Y,AJQGWGESKQT4Y,D393.M.250.F.I,1
D393,202,"Relatives decide whether potentially life-prolonging treatments should be started, stopped, or continued.",Y,AJQGWGESKQT4Y,D393.M.250.F.I,0
D393,203,"Mercy killings have taken place in a variety of settings.",Y,AJQGWGESKQT4Y,D393.M.250.F.F,0
D393,204,"Mercy killings have taken place by different methods.",Y,AJQGWGESKQT4Y,D393.M.250.F.F,0
D393,205,"Removing life support from long-comatose patients is not usually considered mercy killing.",Y,AJQGWGESKQT4Y,D393.M.250.F.F,1
D393,206,"Three nurses in a Vienna hospital were arrested in 1989.",Y,AJQGWGESKQT4Y,D393.M.250.F.F,1
D393,207,"In 1989, a West German nurse was sentenced to 11 years in prison for killing patients.",Y,AJQGWGESKQT4Y,D393.M.250.F.F,1
D393,208,"An Alzheimer's patient traveled 2,000 miles to commit suicide with the help of Dr. Jack Kevorkian.",Y,AJQGWGESKQT4Y,D393.M.250.F.F,0
D393,209,"Florida officials signed clemency orders for an 81-year-old man convicted of shooting his ailing wife.",Y,AJQGWGESKQT4Y,D393.M.250.F.F,0
D393,210,"Virginia Harper wanted to end her life.",Y,AJQGWGESKQT4Y,D393.M.250.F.F,0
D393,211,"Three nursers were arrested in 1989 in a Vienna hospital under suspicion of committing mercy killings.",Y,AGA1PIIWM8I8D,D393.M.250.F.F,1
D393,212,"A West German nurse was sentenced to 11 years in prison for mercy killings in 1989.",Y,AGA1PIIWM8I8D,D393.M.250.F.F,0
D393,213,"Philip Saylor shot his friend Steven Jenkins as a mercy killing in 1990.",Y,AGA1PIIWM8I8D,D393.M.250.F.F,0
D393,214,"In 1990, an Alzheimer's patient traveled 2,000 miles to commit suicide with the help of Dr. Jack Kevorkian.",Y,AGA1PIIWM8I8D,D393.M.250.F.F,0
D393,215,"Virginia Harper took sleeping pills and was finished off by her husband in a mercy killing in 1990.",Y,AGA1PIIWM8I8D,D393.M.250.F.F,0
D391,216,"Pharmaceutical research begins with the discovery of new chemical entities.",Y,A5VBIZ2KIQ1R8,D391.M.250.H.C,0
D391,217,"Companies must decide what to do with a newly discovered entity.",Y,A5VBIZ2KIQ1R8,D391.M.250.H.C,1
D391,218,"Doctors and patients are becoming more reluctant to participate in drug testing.",Y,A5VBIZ2KIQ1R8,D391.M.250.H.C,1
D391,219,"Companies are spending more money to hire the people required to develop drugs.",Y,A5VBIZ2KIQ1R8,D391.M.250.H.C,0
D391,220,"Drug trials typically happen in three phases.",Y,A5VBIZ2KIQ1R8,D391.M.250.H.C,1
D391,221,"Drug trials typically involved 200 patients per trial.",Y,A5VBIZ2KIQ1R8,D391.M.250.H.C,0
D391,222,"Computers are used to track and store data.",Y,A5VBIZ2KIQ1R8,D391.M.250.H.C,0
D391,223,"The typical development time for a drug is 12 years.",Y,A5VBIZ2KIQ1R8,D391.M.250.H.C,0
D391,224,"The first phase in pharmaceutical research and development is the initial discovery of new chemical entities.",Y,AAASQIW3J32OL,D391.M.250.H.C,0
D391,225,"In the phase of discovery of new chemical entities, pharmaceutical companies must decide which compounds to take forward.",Y,AAASQIW3J32OL,D391.M.250.H.C,0
D391,226,"Scientists are using computerized chemical databases to rapidly select and adapt compounds for development into new medications.",Y,AAASQIW3J32OL,D391.M.250.H.C,0
D391,227,"The second phase in pharmaceutical research and development is clinical trials.",Y,AAASQIW3J32OL,D391.M.250.H.C,0
D391,228,"Clinical trials in in pharmaceutical research and development typically involve three phases.",Y,AAASQIW3J32OL,D391.M.250.H.C,0
D391,229,"Clinical trials in in pharmaceutical research and development typically have an average of 200 patients per trial.",Y,AAASQIW3J32OL,D391.M.250.H.C,1
D391,230,"The clinical trials phase is the most costly stage in new drug development.",Y,AAASQIW3J32OL,D391.M.250.H.C,0
D391,231,"Doctors and their patients are becoming more reluctant to take part in clinical trials for new drug development.",Y,AAASQIW3J32OL,D391.M.250.H.C,0
D391,232,"Research and development of drugs is a complex process.",Y,AJQGWGESKQT4Y,D391.M.250.H.J,0
D391,233,"Research and development of drugs is an expensive process.",Y,AJQGWGESKQT4Y,D391.M.250.H.J,0
D391,234,"Research is looking for a new drug.",Y,AJQGWGESKQT4Y,D391.M.250.H.J,0
D391,235,"Now scientists are doing molecular modeling and automatic gene sequencing.",Y,AJQGWGESKQT4Y,D391.M.250.H.J,1
D391,236,"Drug companies make the decision to develop or not.",Y,AJQGWGESKQT4Y,D391.M.250.H.J,0
D391,237,"drug companies continue to lobby governments to reduce regulatory burdens.",Y,AJQGWGESKQT4Y,D391.M.250.H.J,1
D391,238,"Extending the life of patents is also a key goal.",Y,AJQGWGESKQT4Y,D391.M.250.H.J,1
D391,239,"Profitable drugs are sold worldwide.",Y,AJQGWGESKQT4Y,D391.M.250.H.J,1
D391,240,"Government pressure to keep drug prices down is causing large cutbacks.",Y,AJQGWGESKQT4Y,D391.M.250.H.G,0
D391,241,"Some pharmaceutical companies have cut back on the number of their R&D facilities.",Y,AJQGWGESKQT4Y,D391.M.250.H.G,0
D391,242,"Changes involve joint R&D programs with other companies.",Y,AJQGWGESKQT4Y,D391.M.250.H.G,0
D391,243,"Companies are learning to concentrate on innovative drugs.",Y,AJQGWGESKQT4Y,D391.M.250.H.G,0
D391,244,"There is also increasing use of computerized molecular design methods.",Y,AJQGWGESKQT4Y,D391.M.250.H.G,1
D391,245,"The R&D phase of drugs is highly costly.",Y,A5VBIZ2KIQ1R8,D391.M.250.H.G,0
D391,246,"The regulatory process increases the R&D cost of drugs.",Y,A5VBIZ2KIQ1R8,D391.M.250.H.G,1
D391,247,"Government pressure to keep drug cost down is causing cutbacks in R&D spending.",Y,A5VBIZ2KIQ1R8,D391.M.250.H.G,0
D391,248,"Pharmaceutical companies are looking for ways to cut spending.",Y,A5VBIZ2KIQ1R8,D391.M.250.H.G,1
D391,249,"The R&D process can take six years or longer.",Y,A5VBIZ2KIQ1R8,D391.M.250.H.G,1
D391,250,"Breakthroughs in human gene therapy are transforming drug companies.",Y,A5VBIZ2KIQ1R8,D391.M.250.H.G,0
D391,251,"Breakthroughs in gene therapy are making it easier to appy treatment.",Y,A5VBIZ2KIQ1R8,D391.M.250.H.G,0
D391,252,"Companies are paying more attention to age-related illness.",Y,A5VBIZ2KIQ1R8,D391.M.250.H.G,0
D391,253,"The research and development for new drugs is costly.",Y,AJQGWGESKQT4Y,D391.M.250.H.E,1
D391,254,"The research and development for new drugs is complicated.",Y,AJQGWGESKQT4Y,D391.M.250.H.E,1
D391,255,"The cooperation of drug developers with microbiologists has become critical.",Y,AJQGWGESKQT4Y,D391.M.250.H.E,1
D391,256,"Understanding of the body's neurotransmitters aid in predicting a drug's efficacy.",Y,AJQGWGESKQT4Y,D391.M.250.H.E,1
D391,257,"Not all of the key activities in the research and development of new drugs take place in the laboratory.",Y,AJQGWGESKQT4Y,D391.M.250.H.E,0
D391,258,"Drug companies must be convinced that a market exists for the new product.",Y,AJQGWGESKQT4Y,D391.M.250.H.E,0
D391,259,"Drug companies must be convinced that the pricing of the finished product will be sufficient to recoup the developmental expenditure.",Y,AJQGWGESKQT4Y,D391.M.250.H.E,0
D391,260,"Others have cut the number of compounds under development.",Y,AJQGWGESKQT4Y,D391.M.250.H.E,0
D400,261,"Brazil's Aerospace image tracks issues with the Amazon rainforest.",Y,A5VBIZ2KIQ1R8,D400.M.250.B.H,0
D400,262,"The Amazon rainforest has problems with deforestation.",Y,A5VBIZ2KIQ1R8,D400.M.250.B.H,1
D400,263,"Satellite images are used to track the Amazon rainforest's problems.",Y,A5VBIZ2KIQ1R8,D400.M.250.B.H,1
D400,264,"A $139bn system was created to tend to the Amazon.",Y,A5VBIZ2KIQ1R8,D400.M.250.B.H,0
D400,265,"The 1992 Earth Summit fostered commitments  to Brazil.",Y,A5VBIZ2KIQ1R8,D400.M.250.B.H,0
D400,266,"Cocoa plantations are threatening the Amazon basin.",Y,A5VBIZ2KIQ1R8,D400.M.250.B.H,0
D400,267,"Drug trafficking and production threaten's the Amazon.",Y,A5VBIZ2KIQ1R8,D400.M.250.B.H,0
D400,268,"Efforts to protect the Amazon are underfunded.",Y,A5VBIZ2KIQ1R8,D400.M.250.B.H,0
D400,269,"Brazil's Aerospace Institute compiles satellite images of the Amazon rainforest's problems.",Y,A28FA9S6Y1M1I7,D400.M.250.B.H,1
D400,270,"Eximbark funded a radar system.",Y,A28FA9S6Y1M1I7,D400.M.250.B.H,0
D400,271,"Brazil is funding programs to reduce deforestation and CO2 emission",Y,A28FA9S6Y1M1I7,D400.M.250.B.H,0
D400,272,"Brazil fostered first-world commitments to all nine Amazon countries at the 1992 Earth Summit.",Y,A28FA9S6Y1M1I7,D400.M.250.B.H,1
D400,273,"There are illegal cocoa fields in Columbia, Ecuador, Peru and Bolivia.",Y,A28FA9S6Y1M1I7,D400.M.250.B.H,0
D400,274,"Brazil is trying to fight deforestation.",Y,A28FA9S6Y1M1I7,D400.M.250.B.H,0
D400,275,"There is a national park in Ecuador named Yasuni national park.",Y,A28FA9S6Y1M1I7,D400.M.250.B.H,0
D400,276,"Yasuni national park in Ecuador is a UNESCO biosphere reserve.",Y,A28FA9S6Y1M1I7,D400.M.250.B.H,0
D400,277,"The Amazon is the world's largest rainforest.",Y,AAASQIW3J32OL,D400.M.250.B.A,0
D400,278,"The Amazon rainforest contains 30 percent of the world's plant and animal species.",Y,AAASQIW3J32OL,D400.M.250.B.A,0
D400,279,"The Amazon rainforest has serious environmental problems.",Y,AAASQIW3J32OL,D400.M.250.B.A,0
D400,280,"Destruction of forest cover is one of the causes of environmental problems faced by the Amazon rainforest.",Y,AAASQIW3J32OL,D400.M.250.B.A,0
D400,281,"Deforestation of the Amazon rainforest is the result of several activities.",Y,AAASQIW3J32OL,D400.M.250.B.A,0
D400,282,"Forest burning is a widely used method for clearing land in the Amazon rainforest.",Y,AAASQIW3J32OL,D400.M.250.B.A,0
D400,283,"Forest burning is often the product of government actions in the Amazon rainforest.",Y,AAASQIW3J32OL,D400.M.250.B.A,0
D400,284,"Ranchers have received government subsidies in Brazil for burning forests.",Y,AAASQIW3J32OL,D400.M.250.B.A,1
D400,285,"The Amazon contains 30 percent of the world's flora and fauna.",Y,A5VBIZ2KIQ1R8,D400.M.250.B.A,1
D400,286,"The Amazon faces serious environmental issues.",Y,A5VBIZ2KIQ1R8,D400.M.250.B.A,0
D400,287,"The Amazon is increasingly threatened by global warming.",Y,A5VBIZ2KIQ1R8,D400.M.250.B.A,0
D400,288,"Deforestation is the result of clearing land for farming.",Y,A5VBIZ2KIQ1R8,D400.M.250.B.A,0
D400,289,"The Brazilian government encourages development.",Y,A5VBIZ2KIQ1R8,D400.M.250.B.A,1
D400,290,"Farmers use forest burning to clear the land.",Y,A5VBIZ2KIQ1R8,D400.M.250.B.A,0
D400,291,"Over-harvesting of trees is causing erosion.",Y,A5VBIZ2KIQ1R8,D400.M.250.B.A,1
D400,292,"Mining is causing environmental damage.",Y,A5VBIZ2KIQ1R8,D400.M.250.B.A,0
D400,293,"In 1987, deforestation caused 1.2 million tons of carbon to be released into the atmosphere.",Y,ANCCKNF1DKRZO,D400.M.250.B.C,1
D400,294,"Currently, 40 tree species in Amazon rainforest are at risk of extinction.",Y,ANCCKNF1DKRZO,D400.M.250.B.C,0
D400,295,"Brazil made a law prohibiting landowners from clearing more that 50% of their property.",Y,ANCCKNF1DKRZO,D400.M.250.B.C,0
D400,296,"Unterraced hills of coca trees cause erosion and deadly landslides.",Y,ANCCKNF1DKRZO,D400.M.250.B.C,0
D400,297,"Coca growers' herbicides and refining chemicals wash into rivers.",Y,ANCCKNF1DKRZO,D400.M.250.B.C,0
D400,298,"Peru's coca fields cause 10% of its deforestation.",Y,ANCCKNF1DKRZO,D400.M.250.B.C,0
D400,299,"Brazil ended subsidies to ranchers for forest clearance.",Y,ANCCKNF1DKRZO,D400.M.250.B.C,1
D400,300,"Oil companies, through negligence, recklessness, and intentional activities, have polluted and destroyed countless acres of rainforest.",Y,ANCCKNF1DKRZO,D400.M.250.B.C,0
D400,301,"The slash and burn cycle of clearing has caused many of the environmental problems of the Amazon rainforest.",Y,AJQGWGESKQT4Y,D400.M.250.B.C,0
D400,302,"The rainforest suffers great losses from wide scale logging.",Y,AJQGWGESKQT4Y,D400.M.250.B.C,1
D400,303,"The rainforest suffers great losses from illegal logging.",Y,AJQGWGESKQT4Y,D400.M.250.B.C,1
D400,304,"The rainforest suffers great losses from chaotic development.",Y,AJQGWGESKQT4Y,D400.M.250.B.C,0
D400,305,"The rainforest suffers great losses from roadway construction.",Y,AJQGWGESKQT4Y,D400.M.250.B.C,0
D400,306,"Forty tree species are at risk of extinction.",Y,AJQGWGESKQT4Y,D400.M.250.B.C,0
D400,307,"Bolivia's wood industry is unsustainable.",Y,AJQGWGESKQT4Y,D400.M.250.B.C,0
D400,308,"Environmental zones have been established to protect threatened species.",Y,AJQGWGESKQT4Y,D400.M.250.B.C,0
D400,309,"Deforestation of the Amazon rain forest causes a number of serious environmental problems.",Y,AJQGWGESKQT4Y,D400.M.250.B.G,0
D400,310,"Slash and burn cycles by ranchers depletes the soil.",Y,AJQGWGESKQT4Y,D400.M.250.B.G,1
D400,311,"Slash and burn cycles cause erosion.",Y,AJQGWGESKQT4Y,D400.M.250.B.G,1
D400,312,"Cocaine processing in the cleared land pollutes rivers with illegal chemicals.",Y,AJQGWGESKQT4Y,D400.M.250.B.G,0
D400,313,"Multi-use land development is being taught.",Y,AJQGWGESKQT4Y,D400.M.250.B.G,0
D400,314,"Strong law enforcement programs are underway.",Y,AJQGWGESKQT4Y,D400.M.250.B.G,0
D400,315,"Extractive reserves are being developed.",Y,AJQGWGESKQT4Y,D400.M.250.B.G,0
D400,316,"The introduction of sustainable crops is being introduced.",Y,AJQGWGESKQT4Y,D400.M.250.B.G,0
D400,317,"There are many environmental problems that are caused by deforestation of the Amazon rain forest.",Y,A98E8M4QLI9RS,D400.M.250.B.G,0
D400,318,"Burning of the rain forest causes a large amount of carbon dioxide gas to be released into the atmosphere",Y,A98E8M4QLI9RS,D400.M.250.B.G,1
D400,319,"Carbon dioxide buildup is a principal contributor to global warming",Y,A98E8M4QLI9RS,D400.M.250.B.G,0
D400,320,"Satellite monitoring is being used to guide in analyzing the damage being done by deforestation.",Y,A98E8M4QLI9RS,D400.M.250.B.G,0
D400,321,"Timber policies are becoming more restrictive to preserve the rain forest.",Y,A98E8M4QLI9RS,D400.M.250.B.G,0
D400,322,"Deforestation of the rain forest is causing extinction of many species of plants and animals.",Y,A98E8M4QLI9RS,D400.M.250.B.G,1
D366,323,"'Pressure oxidation' is another technique used to leach metals in mining industry applications.",Y,AAASQIW3J32OL,D366.M.250.I.H,0
D366,324,"Cyanide-leaching is used to make PCP.",Y,AAASQIW3J32OL,D366.M.250.I.H,1
D366,325,"Humans die from direct contact with concentrated waste.",Y,AAASQIW3J32OL,D366.M.250.I.H,0
D366,326,"Over time, even small amounts of cyanide build up in human tissue.",Y,AAASQIW3J32OL,D366.M.250.I.H,0
D366,327,"Evaporation from cyanide waste ponds affects breathing.",Y,AAASQIW3J32OL,D366.M.250.I.H,0
D366,328,"Cyanide in galvanizing and plating produces silica, calcium, iron and zinc.",Y,AKSJ3C5O3V9RB,D366.M.250.I.H,1
D366,329,"Combining acids with cyanide produces hydrogen cyanide gas.",Y,AKSJ3C5O3V9RB,D366.M.250.I.H,0
D366,330,"Hydrogen cyanide contaminates manufactured amino-acids.",Y,AKSJ3C5O3V9RB,D366.M.250.I.H,0
D366,331,"Cyanide-leaching recovers silver from photographic film.",Y,AKSJ3C5O3V9RB,D366.M.250.I.H,0
D366,332,"Cyanide waste cleanup is expensive.",Y,AKSJ3C5O3V9RB,D366.M.250.I.H,1
D366,333,"In mining industry applications a 0.1% cyanide-water solution leaches metals.",Y,AKSJ3C5O3V9RB,D366.M.250.I.H,0
D366,334,"A 'closed-loop' cyanide leaching system eliminates open ponds and environment leaks.",Y,AKSJ3C5O3V9RB,D366.M.250.I.H,0
D366,335,"Sodium cyanide decimates fish.",Y,AKSJ3C5O3V9RB,D366.M.250.I.H,1
D366,336,"One industrial use of cyanide is in the plating industry.",Y,A1M4GCK4AX3ELS,D366.M.250.I.D,1
D366,337,"Cyanide is used in the mining industry.",Y,A1M4GCK4AX3ELS,D366.M.250.I.D,1
D366,338,"Five workers in Indiana died of asphyxiation",Y,A1M4GCK4AX3ELS,D366.M.250.I.D,0
D366,339,"The EPA closed a plating company in Burbank, California.",Y,A1M4GCK4AX3ELS,D366.M.250.I.D,1
D366,340,"Hydrogen cyanide is used to manufacture tryptophan.",Y,A1M4GCK4AX3ELS,D366.M.250.I.D,1
D366,341,"Cameroon villagers gather honey from hives in tall trees with the use of cyanide.",Y,A1M4GCK4AX3ELS,D366.M.250.I.D,0
D366,342,"Heap leaching is a way to separate small traces of gold from rock.",Y,A1M4GCK4AX3ELS,D366.M.250.I.D,1
D366,343,"Cameroon villagers gather honey from hives located in tall trees.",Y,AGA1PIIWM8I8D,D366.M.250.I.D,0
D366,344,"Bees in Cameroon are often stunned with a cyanide compound.",Y,AGA1PIIWM8I8D,D366.M.250.I.D,0
D366,345,"The Japanese utilize hydrogen cyanide in the manufacturing of tryptophan.",Y,AGA1PIIWM8I8D,D366.M.250.I.D,0
D366,346,"Tryptophan is an amino acid.",Y,AGA1PIIWM8I8D,D366.M.250.I.D,0
D366,347,"Tryptophan is often used as a nutritional supplement.",Y,AGA1PIIWM8I8D,D366.M.250.I.D,0
D366,348,"Cyanide is often used to make hydrogen cyanide gas.",Y,AGA1PIIWM8I8D,D366.M.250.I.D,0
D366,349,"Cyanide can result in birds and animals being killed.",Y,APGX2WZ59OWDN,D366.M.250.I.E,0
D366,350,"Improperly stored cyanide can result in dangerous situations and cause expensive clean-ups",Y,APGX2WZ59OWDN,D366.M.250.I.E,0
D366,351,"Some Filipinos use cyanide in dangerous fishing operations.",Y,APGX2WZ59OWDN,D366.M.250.I.E,0
D366,352,"Cyanide is used to recover silver from X-ray film.",Y,APGX2WZ59OWDN,D366.M.250.I.E,1
D366,353,"Cyanide is used in electroplating aircraft parts.",Y,A3U2UNSYDPS933,D366.M.250.I.E,1
D366,354,"Hydrogen cyanide has been used to produce amino acid nutritional supplements.",Y,A3U2UNSYDPS933,D366.M.250.I.E,0
D366,355,"A process known as heap mining is used to extract gold from low-grade ore.",Y,A3U2UNSYDPS933,D366.M.250.I.E,0
D366,356,"Gold mining operations make extensive use of cyanide.",Y,A3U2UNSYDPS933,D366.M.250.I.E,1
D366,357,"Cyanide is used in rodent poison.",Y,A3U2UNSYDPS933,D366.M.250.I.E,1
D366,358,"in some cases runoff from heap mining has discharged into ponds with the result that birds and animals are killed.",Y,A3U2UNSYDPS933,D366.M.250.I.E,0
D366,359,"Heap-leach technology revolutionized gold mining in the 1970s.",Y,AGA1PIIWM8I8D,D366.M.250.I.F,0
D366,360,"Cyanide used in gold mining can cause environmental contamination.",Y,AGA1PIIWM8I8D,D366.M.250.I.F,1
D366,361,"Birds die by the thousands by drinking cyanide contaminated water.",Y,AGA1PIIWM8I8D,D366.M.250.I.F,0
D366,362,"Cyanide contaminated water in Mojkovak, Montenegro gave off a mist that poisoned residents and accelerated cancer cases.",Y,AGA1PIIWM8I8D,D366.M.250.I.F,1
D366,363,"In Colorado, a mine leaked cyanide contaminated water into the Alamosa River in 1994.",Y,AGA1PIIWM8I8D,D366.M.250.I.F,1
D366,364,"Cyanide is used in in galvanizing and other metal plating.",Y,AGA1PIIWM8I8D,D366.M.250.I.F,0
D366,365,"Cyanide can be used to recover silver from photographs and x-rays.",Y,AGA1PIIWM8I8D,D366.M.250.I.F,0
D422,366,"Police detect that art is stolen through catalogs of stolen items.",Y,AJQGWGESKQT4Y,D422.M.250.C.H,0
D422,367,"Catalogs of stolen items circulated among dealers, auction houses, and museums.",Y,AJQGWGESKQT4Y,D422.M.250.C.H,0
D422,368,"The International Art Loss Register can report thefts.",Y,AJQGWGESKQT4Y,D422.M.250.C.H,1
D422,369,"Illicit buyers may intentionally or inadvertently let others know they have the items.",Y,AJQGWGESKQT4Y,D422.M.250.C.H,0
D422,370,"Information trails are followed by authorities.",Y,AJQGWGESKQT4Y,D422.M.250.C.H,0
D422,371,"In France art dealers must register all purchased art, except what is bought at auction.",Y,ACAJFF4MF5S5X,D422.M.250.C.H,0
D422,372,"Police have conducted broad searches of areas where stolen art might possibly be found.",Y,ACAJFF4MF5S5X,D422.M.250.C.H,0
D422,373,"Art registry laws are expected in Britain.",Y,ACAJFF4MF5S5X,D422.M.250.C.H,1
D422,374,"Ransom attempts can expose thieves to capture.",Y,ACAJFF4MF5S5X,D422.M.250.C.H,1
D422,375,"Stolen art has sometimes been abandoned in public places.",Y,ACAJFF4MF5S5X,D422.M.250.C.H,0
D422,376,"Stolen art has also been found in the course of routine police activities, like traffic stops.",Y,ACAJFF4MF5S5X,D422.M.250.C.H,0
D422,377,"Anyone can report thefts to the International Art Loss Register.",Y,ACAJFF4MF5S5X,D422.M.250.C.H,1
D422,378,"Stolen art is often recovered.",Y,A5VBIZ2KIQ1R8,D422.M.250.C.C,0
D422,379,"Stolen art is logged in a database.",Y,A5VBIZ2KIQ1R8,D422.M.250.C.C,1
D422,380,"Some paintings are recovered with the help of the thieves.",Y,A5VBIZ2KIQ1R8,D422.M.250.C.C,1
D422,381,"Stolen paintings are sometimes ransomed.",Y,A5VBIZ2KIQ1R8,D422.M.250.C.C,1
D422,382,"The cases of stolen art are often unusual.",Y,A5VBIZ2KIQ1R8,D422.M.250.C.C,1
D422,383,"A 17th century oil painting was found when offered to an auction house.",Y,AJQGWGESKQT4Y,D422.M.250.C.C,0
D422,384,"Two portraits were recovered using the Art Loss Register database.",Y,AJQGWGESKQT4Y,D422.M.250.C.C,0
D422,385,"Works are recovered in undercover stings.",Y,AJQGWGESKQT4Y,D422.M.250.C.C,0
D422,386,"Picasso was recovered in Brussels.",Y,AJQGWGESKQT4Y,D422.M.250.C.C,0
D422,387,"Rubens was recovered in Miami.",Y,AJQGWGESKQT4Y,D422.M.250.C.C,0
D422,388,"Tips helped police recover 81 Andy Warhol lithographs.",Y,AJQGWGESKQT4Y,D422.M.250.C.C,1
D422,389,"Eight Matisse's were recovered in a traffic stop.",Y,AJQGWGESKQT4Y,D422.M.250.C.C,0
D422,390,"Theft of precious art has become second only to narcotics theft for global criminals.",Y,AGA1PIIWM8I8D,D422.M.250.C.D,1
D422,391,"The International Foundation for Art Research helps recover stolen art.",Y,AGA1PIIWM8I8D,D422.M.250.C.D,1
D422,392,"The International Art Loss Register is a digital database of stolen art.",Y,AGA1PIIWM8I8D,D422.M.250.C.D,0
D422,393,"Auction houses are the first line of defense for recognizing stolen artwork.",Y,AGA1PIIWM8I8D,D422.M.250.C.D,1
D422,394,"Often stolen art is recovered but the thieves are never caught.",Y,AGA1PIIWM8I8D,D422.M.250.C.D,0
D422,395,"The biggest art heist in history occurred at Boston's Gardner Museum.",Y,AGA1PIIWM8I8D,D422.M.250.C.D,0
D422,396,"Theft of precious artwork by global criminals has become common.",Y,A1FYWSPNO7KN1O,D422.M.250.C.D,0
D422,397,"Two armed thieves stole 20 Van Gogh paintings.",Y,A1FYWSPNO7KN1O,D422.M.250.C.D,1
D422,398,"20 Van Gogh paintings were stolen in Amsterdam.",Y,A1FYWSPNO7KN1O,D422.M.250.C.D,0
D422,399,"Norwegian police arrested three people for theft of The Scream.",Y,A1FYWSPNO7KN1O,D422.M.250.C.D,1
D422,400,"A Rubens painting was stolen from a Spanish Museum.",Y,A1FYWSPNO7KN1O,D422.M.250.C.D,0
D422,401,"The International Art Loss Register is a computerized database of stolen art.",Y,A1FYWSPNO7KN1O,D422.M.250.C.D,0
D422,402,"Auction houses often recognize artworks brought to them as stolen.",Y,A1FYWSPNO7KN1O,D422.M.250.C.D,1
D422,403,"A dozen masterpieces were taken from Boston's Gardner Museum.",Y,A1FYWSPNO7KN1O,D422.M.250.C.D,0
D422,404,"the International Foundation for Art Research adds over 2,000 works of stolen art to its files",Y,A3HMDGRGC5JB7E,D422.M.250.C.F,0
D422,405,"The International Art Loss Registry lists over 40,000 items",Y,A3HMDGRGC5JB7E,D422.M.250.C.F,1
D422,406,"Two robbers dressed as police officers steal 11 paintings",Y,A3HMDGRGC5JB7E,D422.M.250.C.F,0
D422,407,"Eight works by Matisse are reported missing",Y,A3HMDGRGC5JB7E,D422.M.250.C.F,0
D422,408,"Three armed robbers take 21 Renaissance paintings",Y,A3HMDGRGC5JB7E,D422.M.250.C.F,0
D683,409,"The 1992 elections in Czechoslovakia defined the directions that the Czechs and the Slovaks were taking.",Y,AJQGWGESKQT4Y,D683.M.250.J.E,0
D683,410,"The Czechs voted for rapid market reforms.",Y,AJQGWGESKQT4Y,D683.M.250.J.E,0
D683,411,"The Czechs voted for integration into Europe.",Y,AJQGWGESKQT4Y,D683.M.250.J.E,0
D683,412,"The Slovaks voted for the party of Vladimir Meciar.",Y,AJQGWGESKQT4Y,D683.M.250.J.E,1
D683,413,"The Slovaks had long been resentful of the Czech-dominated federal government.",Y,AJQGWGESKQT4Y,D683.M.250.J.E,1
D683,414,"The Czechs agreed to assume the foreign debt earlier accrued.",Y,AJQGWGESKQT4Y,D683.M.250.J.E,1
D683,415,"The country's armed forces were divided.",Y,AJQGWGESKQT4Y,D683.M.250.J.E,0
D683,416,"In the 1992 elections, the Czechoslovakians voted for rapid market reforms.",Y,A98E8M4QLI9RS,D683.M.250.J.E,1
D683,417,"The Czechs had one of Europe's lowest unemployment rates.",Y,A98E8M4QLI9RS,D683.M.250.J.E,0
D683,418,"In the 1992 elections, the Czechs voted for integration into Europe under the leadership of Vaclav Klaus",Y,A98E8M4QLI9RS,D683.M.250.J.E,0
D683,419,"The party of Vladimir Meciar had an avowedly separatist agenda",Y,A98E8M4QLI9RS,D683.M.250.J.E,0
D683,420,"Only after one year of independence, most Slovaks said they would oppose breaking up the former Czechs Federation",Y,A98E8M4QLI9RS,D683.M.250.J.E,0
D683,421,"On January 1, 1993, the separation of the Czechs and Slovaks was official.",Y,A98E8M4QLI9RS,D683.M.250.J.E,1
D683,422,"At the end of the first year of independence the Slovaks economy was in recession",Y,A98E8M4QLI9RS,D683.M.250.J.E,0
D683,423,"Nationalistic feelings rose in Czechoslovakia once it was freed from the Soviet Union.",Y,A5VBIZ2KIQ1R8,D683.M.250.J.D,0
D683,424,"The Czechs were highly westernized and idustrialized.",Y,A5VBIZ2KIQ1R8,D683.M.250.J.D,0
D683,425,"Slovakia remained tied to the west.",Y,A5VBIZ2KIQ1R8,D683.M.250.J.D,0
D683,426,"Slovakia continued to produce heavy goods for Soviet markets.",Y,A5VBIZ2KIQ1R8,D683.M.250.J.D,1
D683,427,"Slovakia faced increased economic stress after the breakup of Chezchoslovakia.",Y,A5VBIZ2KIQ1R8,D683.M.250.J.D,1
D683,428,"The Slovak government couldn't afford the cost of modernization.",Y,A5VBIZ2KIQ1R8,D683.M.250.J.D,1
D683,429,"The Czech Republic became increasingly more prosperous.",Y,A5VBIZ2KIQ1R8,D683.M.250.J.D,1
D683,430,"The Czech Republic has a thriving tourist industry.",Y,A5VBIZ2KIQ1R8,D683.M.250.J.D,0
D683,431,"Slovaks sloughed off a thousand year subservience to Hungary.",Y,AJQGWGESKQT4Y,D683.M.250.J.F,0
D683,432,"Most Slovaks went into the crucial general elections of June 1992 intending to negotiate a new and looser union.",Y,AJQGWGESKQT4Y,D683.M.250.J.F,0
D683,433,"Opinion polls showed that independence was only sought by a small minority.",Y,AJQGWGESKQT4Y,D683.M.250.J.F,1
D683,434,"The Czech leader, rejected any soft options.",Y,AJQGWGESKQT4Y,D683.M.250.J.F,0
D683,435,"Democracy suffered in both countries.",Y,AJQGWGESKQT4Y,D683.M.250.J.F,1
D683,436,"Slovakia's economy was deeply in recession.",Y,AJQGWGESKQT4Y,D683.M.250.J.F,1
D683,437,"Political infighting threatened to bring down the government.",Y,AJQGWGESKQT4Y,D683.M.250.J.F,0
D683,438,"Czech politicians wanted rapid market reform in the 90's",Y,A5VBIZ2KIQ1R8,D683.M.250.J.J,0
D683,439,"Czech politicians wanted to rapidly integrate with the west.",Y,A5VBIZ2KIQ1R8,D683.M.250.J.J,0
D683,440,"Slovak politicians were nationalist and separatist politicians.",Y,A5VBIZ2KIQ1R8,D683.M.250.J.J,0
D683,441,"Slovak politicians wanted greater autonomy.",Y,A5VBIZ2KIQ1R8,D683.M.250.J.J,0
D683,442,"The split of Czechoslovakia resulted in two states.",Y,A5VBIZ2KIQ1R8,D683.M.250.J.J,0
D683,443,"The Czech state was highly successful following the split.",Y,A5VBIZ2KIQ1R8,D683.M.250.J.J,0
D683,444,"The Slovak nation suffered immediately following the split.",Y,A5VBIZ2KIQ1R8,D683.M.250.J.J,1
D683,445,"The Slovakian people suffered high unemployment.",Y,A5VBIZ2KIQ1R8,D683.M.250.J.J,0
D683,446,"Following the downfall of Communism there was a superficial unity in Czechoslovakia",Y,AJQGWGESKQT4Y,D683.M.250.J.J,0
D683,447,"Following the downfall of Communism disputes began.",Y,AJQGWGESKQT4Y,D683.M.250.J.J,0
D683,448,"In June 1992 Czech politicians who wanted a rapid market reform and integration into the rest of Europe were elected.",Y,AJQGWGESKQT4Y,D683.M.250.J.J,1
D683,449,"Members of the nationalist-populist and separatist parties and were calling for greater autonomy.",Y,AJQGWGESKQT4Y,D683.M.250.J.J,0
D683,450,"Talks on forming an interim government were scheduled",Y,AJQGWGESKQT4Y,D683.M.250.J.J,0
D683,451,"Talks on forming an interim government were stalled.",Y,AJQGWGESKQT4Y,D683.M.250.J.J,0
D683,452,"By 20 June the intention to split into separate states was announced.",Y,AJQGWGESKQT4Y,D683.M.250.J.J,1
D683,453,"Two new states were born on January 1, 1993.",Y,AJQGWGESKQT4Y,D683.M.250.J.J,1
D376,454,"The World Court is also known as the International Court of Justice.",Y,AJQGWGESKQT4Y,D376.M.250.E.J,1
D376,455,"The World Court is headquartered in The Hague, Netherlands.",Y,AJQGWGESKQT4Y,D376.M.250.E.J,0
D376,456,"Sixteen permanent judges preside in the Peace Palace.",Y,AJQGWGESKQT4Y,D376.M.250.E.J,0
D376,457,"The Court does not have the powers to enforce its decisions.",Y,AJQGWGESKQT4Y,D376.M.250.E.J,1
D376,458,"In the early 1990's, the Court also hosted the UN sponsored international war crimes tribunal.",Y,AJQGWGESKQT4Y,D376.M.250.E.J,0
D376,459,"Military disputes are very common cases.",Y,AJQGWGESKQT4Y,D376.M.250.E.J,0
D376,460,"The court has settled border disputes.",Y,AJQGWGESKQT4Y,D376.M.250.E.J,1
D376,461,"The World Court also hears disagreements over rightful leadership.",Y,AJQGWGESKQT4Y,D376.M.250.E.J,1
D376,462,"The International Court of Justice decides on legal disputes between states.",Y,AJQGWGESKQT4Y,D376.M.250.E.A,1
D376,463,"One type of case the Court deals with concerns questions of international law.",Y,AJQGWGESKQT4Y,D376.M.250.E.A,0
D376,464,"The Court found the US guilty of violating international law.",Y,AJQGWGESKQT4Y,D376.M.250.E.A,1
D376,465,"The Court considered the claim by Bosnia.",Y,AJQGWGESKQT4Y,D376.M.250.E.A,0
D376,466,"Two Libyans were accused of blowing up a Pan Am flight.",Y,AURYD2FH3FUOQ,D376.M.250.E.A,0
D376,467,"A Pan Am flight blew up over Scotland.",Y,AURYD2FH3FUOQ,D376.M.250.E.A,0
D376,468,"There is a border dispute between Hondoras and El Salvador.",Y,AURYD2FH3FUOQ,D376.M.250.E.A,0
D376,469,"The International Court of Justice is the main judicial arm of the United Nations.",Y,AURYD2FH3FUOQ,D376.M.250.E.A,0
D376,470,"The International Court of Justice is also know as the World Court.",Y,AURYD2FH3FUOQ,D376.M.250.E.A,0
D376,471,"The International Court of Justice is in The Netherlands.",Y,AURYD2FH3FUOQ,D376.M.250.E.A,1
D376,472,"Portugal is the recognized administrator of East Timor.",Y,AURYD2FH3FUOQ,D376.M.250.E.A,1
D376,473,"The US downed an Iranian Airbus with a missile.",Y,AURYD2FH3FUOQ,D376.M.250.E.A,0
D376,474,"The International Court of Justice issues ruling on international law disputes.",Y,AJQGWGESKQT4Y,D376.M.250.E.G,0
D376,475,"Any state can submit disputes to The International Court of Justice.",Y,AJQGWGESKQT4Y,D376.M.250.E.G,1
D376,476,"The International Court of Justice rulings sometimes fuel debate.",Y,AJQGWGESKQT4Y,D376.M.250.E.G,0
D376,477,"The International Court of Justice may appoint independent tribunals.",Y,AJQGWGESKQT4Y,D376.M.250.E.G,0
D376,478,"The International Court of Justice hears varied types of cases.",Y,AJQGWGESKQT4Y,D376.M.250.E.G,1
D376,479,"The International Court of Justice does not have powers to enforce its orders.",Y,AJQGWGESKQT4Y,D376.M.250.E.G,0
D376,480,"The International Court of Justice has ruled on border disputes.",Y,AJQGWGESKQT4Y,D376.M.250.E.G,0
D376,481,"The International Court of Justice heard a case regarding British petroleum.",Y,AJQGWGESKQT4Y,D376.M.250.E.G,0
D376,482,"The International Court of Justice at The Hague, acts as a world court.",Y,AAASQIW3J32OL,D376.M.250.E.G,0
D376,483,"The International Court of Justice at The Hague issues rulings on international law disputes.",Y,AAASQIW3J32OL,D376.M.250.E.G,1
D376,484,"The International Court of Justice at The Hague has ruled on citizenship rights.",Y,AAASQIW3J32OL,D376.M.250.E.G,0
D376,485,"The International Court of Justice at The Hague has ruled on the placement of embargoes.",Y,AAASQIW3J32OL,D376.M.250.E.G,1
D376,486,"The World Court is another term for the International Court of Justice.",Y,AJQGWGESKQT4Y,D376.M.250.E.I,0
D376,487,"The World Court has 15 permanent judges.",Y,AJQGWGESKQT4Y,D376.M.250.E.I,1
D376,488,"The World Court hears and rules on disputes between countries",Y,AJQGWGESKQT4Y,D376.M.250.E.I,0
D376,489,"The World Court hears and rules on violations of international law.",Y,AJQGWGESKQT4Y,D376.M.250.E.I,1
D376,490,"The World Court's decisions traditionally carry some diplomatic weight.",Y,AJQGWGESKQT4Y,D376.M.250.E.I,0
D376,491,"The World Court has no enforcement powers.",Y,AJQGWGESKQT4Y,D376.M.250.E.I,1
D376,492,"Some countries refuse to recognize The World Court's authority.",Y,AJQGWGESKQT4Y,D376.M.250.E.I,1
D376,493,"The World Court overruled a UN resolution condemning South African control over Namibia.",Y,AJQGWGESKQT4Y,D376.M.250.E.I,0
